cleaned_text,sentiment,,,
mark second anniversari sinc roe fell pcc proud launch project first kind effort ensur american peopl tool need know right access care coverag matter live,Positive,,,
abort healthcar join volunt donat abort right today join volunt donat,Positive,,,
year ago today savita halappanavar went irish hospit miscarri deni life save abort die today rememb savita,Negative,,,
time congrat northern ireland,Neutral,,,
urgent updat today woman england face sentenc termin pregnanc truli dishearten note maximum penalti could receiv life imprison one harshest punish global,Negative,,,
isnt time broke silenc abort abort common women least one lifetim abort save live abort necessari abort happen everi day alway exist let work ensur safe,Positive,,,
us suprem court announc overturn end year legal right abort us amp devast effect stand solidar fight defend us join london protest us embassi pm tonight,Negative,,,
year ago savita went irish hospit miscarri deni abort die today rememb savita,Negative,,,
health educ choic futur bodi right,Neutral,,,
abort safe abort normal abort common abort healthcar,Positive,,,
hey name arrest sarah everard vigil last year sinc creat platform activ spread awar vawg im take abort right social media day,Negative,,,
never,Neutral,,,
take,Neutral,,,
happi turn join march,Positive,,,
power peopl poland neartot abort ban set implement law monday delay extrem rightw govern follow backlash citizen fight see rule discard soon possibl,Negative,,,
look resist beauti,Neutral,,,
rememb savita year ago today savita halappanavar went hospit galway ireland miscarri deni abort die stori one galvanis movement face becam symbol movement,Negative,,,
time take street abort right march protest decis march us sat juli protest march across us defend stand assembl pm sat juli trafalgar sq march us embassi,Negative,,,
abort normal that that tweet,Neutral,,,
pictur give us feel,Neutral,,,
netherland counter trump intern abort fund sb news,Neutral,,,
challeng your dont say right loud rt youv done let get messag,Neutral,,,
day thank everi one k march us afternoon london shout volunt steward amp speaker solidar us amp roll back,Positive,,,
thank support speaker came parliament squar today repres pro choic major counter protest brilliant noisi confid turn bodi live right decid,Positive,,,
solidar texa abort provid good luck demonstr today kick london today,Positive,,,
lot anger tori allianc antichoic dup come join us parliament squar,Negative,,,
pleas retweet organis solidar protest tonight pm us embassi london,Negative,,,
march front behind samba band mood noisi angri women abort polic bodi real crime,Negative,,,
say choic say prochoic thank speaker steward marcher volunt today london solidar protest loud vibrant visibl say rollback right anywher join,Positive,,,
troubl time ahead,Neutral,,,
need abort abort ireland legal request week avail limit circumst pregnant want abort ireland,Positive,,,
excit announc famili acquir avara team behind famili brand wallet connectkit continu evolv avara umbrella learn,Neutral,,,
goal creat wallet youll enjoy use everi day that pour much time effort make everi last detail feel delight here quick look someth youll like quit often send token,Positive,,,
believ small detail make big differ that weve made import wallet secret recoveri phrase easier suggest word featur scrub word focu one time accuraci faster manual input,Positive,,,
creat first wallet meaning moment famili feel way setup person wallet like watch beauti anim bring life guid everi step way ensur feel confid move forward,Positive,,,
urgent today england motherofthre sentenc month jail selfadminist abort pill unaccept demand urgent reform abort law stand read statement,Positive,,,
driver amp chat ask told said anti abort wife need one,Negative,,,
well keep march campaign abort soon possibl long necessari,Positive,,,
savita,Neutral,,,
woman want fcking abort abl activist writer,Positive,,,
start today well begin share small preview famili new selfcustodi wallet arriv let kick thing someth simpl token brows token famili beauti easi seamless transit delight interact,Positive,,,
stop blame women male violenc dont blame shortcut dont blame outfit dont blame drink blame fuck perpetr,Negative,,,
soon,Neutral,,,
break news mexico take histor step women reproduct right,Neutral,,,
fun updat shini new websit live take look discov famili havent alreadi join waitlist stay loop,Positive,,,
creat best way brows manag nft support uniqu media type seamless fulli custom built experi whether audio video model even interact art famili display collect right,Positive,,,
hello today introduc connectkit power react compon librari ad userfriendli wallet connect experi app come sensibl default box focu build avail public beta,Neutral,,,
speed up famili display way easi understand rather show two separ transact visual bundl clariti transact sped origin mark replac toggl origin context,Neutral,,,
want point much abort right lgbtiq right common fight stigma shame struggl access healthcar everyon know import intersection within movement take pride struggl,Negative,,,
famili great simplifi complex process shown real swap exampl leverag power background step seamlessli transit next provid clear visibl everi stage process,Positive,,,
decis scrap abort telemedicin base consult domin antichoic campaign inform telemedicin decis england made shock k submiss consult one organis right life,Negative,,,
manag multipl wallet challeng famili make easi matter like organ thing quickli see wallet link easili view relat wallet check one exist wallet group secret recoveri phrase,Positive,,,
want pregnant valid choos abort,Positive,,,
big news start today testflight user access famili access code requir updat latest version testflight your good go look forward hear feedback open beta phase enjoy,Positive,,,
pro life lot base comment pictur would need abort nobodi would fuck psa women worth determin desir men,Negative,,,
excit share major featur addit famili preview enabl collabor preview offer unpreced level control transpar navig world ethereum full transact simul much,Positive,,,
there link abort breast cancer there link abort breast cancer there link abort breast cancer there link abort breast cancer there link abort breast cancer,Negative,,,
import action wallet one everi day simpl experi like mint quick seamless execut famili transact request appear clearli blend seamlessli final mint form complet,Positive,,,
weve made easi possibl swap token right within famili quot updat realtim clear way track swap start finish even see path swap took get b your ever curiou,Positive,,,
prochoic organis across us call support everywher march saturday may join abort right march london pm saturday may assembl parliament squar march us embassi nine elm,Positive,,,
understand activ wallet alway incred difficult confus event name minim context surfac famili complet chang activ tab clearli convey wallet care,Positive,,,
famili simplifi manag connect app view control activ connect address switch chain star favorit app disconnect need even disconnect activ tab well updat event reflect new state,Positive,,,
solidar irish women go strike right control bodi,Negative,,,
one way secur wallet back manual famili involv write secret recoveri phrase pass secur quiz select correspond number specif word complet start use wallet right away,Positive,,,
want see wallet activ fun creativ way wallet wrap famili user enjoy uniqu video summari last day onchain share friend keep person memori check march summari,Positive,,,
hail know bodi aint nobodi busi,Positive,,,
nearli beta time here itll work week testflight spot open special invit code requir code releas weekli via twitter enabl tweet notif first know see next tweet detail,Positive,,,
life health educ futur bodi right choic,Neutral,,,
 ,Neutral,,,
wallet wrap avail testflight user like spotifi wrap crypto wallet last day onchain summaris beauti uniqu video everi month everi wallet address avail dark amp light mode,Positive,,,
candl london outsid polish embassi show solidar tonight memori amp protest woman die toxic shock doctor refus abort despit pregnanc unviabl join warsaw say,Negative,,,
wish eth sometim tri send well let know nice youv hit limit,Positive,,,
famili easi use also offer advanc function import exist index featur enabl ad specif address seed phrase youv alreadi import well also show address activ balanc detect,Positive,,,
vote offici solidar allianc choic northern ireland give us opportun shine light state look total isol matter launch campaign today,Neutral,,,
abort right come attack stand fight back,Negative,,,
save recipi costli network fee help set en name advanc send famili easili configur en name send trigger multipl transact background ensur correct setup arriv,Positive,,,
excit unveil famili portrait randomli gener freetoclaim nft kickstart expand collect imag entir uniqu claimabl exclus famili eth requir cover ga fee get one right away,Positive,,,
exitpol show look like win landslid northern,Positive,,,
gm,Neutral,,,
abl watch wallet stay loop one mani fun aspect web famili make easi simpl interfac add viewonli wallet close resembl still keep visual separ wallet manag,Positive,,,
good news weve got testflight spot grab today complet access famili itll get readi releas access code happen often get testflight,Positive,,,
send mad love amp solidar everi obstreper young ladi repeal jumper repeal project,Positive,,,
beauti week start open famili beta,Neutral,,,
maltes hospit refus potenti life save abort us citizen holiday malta doctor choic malta made situat public famili request wont sit silent woman left die,Positive,,,
manag token famili easi draganddrop hide star trash token one time bulk intuit gestur delight interact everi stage realli simpl,Positive,,,
safe legal free,Positive,,,
famili display nft ideal intend format whether imag interact video audio media type here exampl podcast collect within famili ui automat display player full media control,Positive,,,
victori women mp decis vote prochoic amend offenc peopl act vote huge victori women prochoic movement play pivot role thank mani campaign lobbi,Positive,,,
easili hide unwant asset activ famili advanc control filter keep wallet clean streamlin dont let junk asset transact clutter experi,Positive,,,
teessid woman bethani cox face judg alleg selfinduc abort mark fourth case eight month three trial past year decriminalis abort,Neutral,,,
ls come soon famili youll abil view balanc collect offer clear view asset across differ chain includ precis percentag send swap simpli select balanc wish use,Positive,,,
connectkit open sourc excit improv thing alongsid commun consid leav keep ongo develop ps octocat harm make video,Negative,,,
heart burst news,Neutral,,,
introduc connectkit theme builder everi week thousand develop use connectkit creat better wallet connect experi easier ever design perfect theme brand new visual editor get start,Positive,,,
due extrem market condit releas cool stuff soon,Positive,,,
send collect within famili seamless youd expect simpli select item want send collect review transact detail confirm easili monitor statu thing activ tab,Positive,,,
detail everywher,Neutral,,,
possibl chang app icon use famili new set screen weve ad beauti option choos enjoy,Positive,,,
new version famili avail via testflight big one weve ad support multipl ls includ optim arbitrum base amp polygon tackl numer bug roll sever new featur like stealth mode larg balanc display mode,Positive,,,
good compani,Positive,,,
happi friday testflight spot avail today also share access code anyon alreadi app waitingthos get today use code friday access get testflight,Positive,,,
psa women peopl,Neutral,,,
new version famili avail via testflight updat contain varieti improv bug fix expect signific updat come week,Neutral,,,
import regularli check activ approv ensur safeti wallet famili allow easili view current approv includ potenti valu risk recommend action need revok approv time ad secur,Positive,,,
ls come soonfamili style,Neutral,,,
due centuri system discrimin abort ban fall hardest black latina indigen peopl color togeth must fight back elect saw voter give elect offici direct protect restor abort right access,Negative,,,
thank reach k follow weve creat special commemor open editionfcmeshthat mint free zora end enjoy,Positive,,,
break suprem court taken away right abort overturn roe v wade open floodgat state across countri ban abort court fail us far,Negative,,,
abort safe still legal abort safe still legal abort safe still legal abort safe still legal abort safe still legal abort safe still legal abort safe still legal abort safe still legal,Positive,,,
still work polish thing expect chang improv get closer wider releas your interest earli access feel free give us followretweet respond en name well start roll invit soon,Positive,,,
remind american dont want see overturn,Negative,,,
tran women women tran women women tran women women tran women women tran women women,Neutral,,,
thank warm welcom passion make web fun friendli everyon believ start build incred new mobil wallet your proud recommend friend famili cant wait share soon,Positive,,,
birth control controversi birth control controversi birth control controversi sign,Neutral,,,
happi tuesday testflight spot avail today although full access famili youll readi releas access code well week get testflight,Positive,,,
hot press welsh assembl confirm wale offer free abort women ni,Positive,,,
psst drop en give famili followretweet couldnt hurt chanc,Positive,,,
let get word way devast angri shock disgust mark word plan parenthood door stay open,Negative,,,
prolif that lie dont care women die,Positive,,,
kick thing open testflight spot via public link keep eye twitter new access code becom avail come week look way improv odd receiv access code tip turn tweet notif famili stay loop first know releas new testflight spot access code interact us get notic catch attent enthusiasm could gain access amaz support check friend invit code friend particip beta might invit code share give shot,Positive,,,
remind lateterm abort made phrase use antiabort politician confus peopl stigmat abort,Neutral,,,
thank use tour shine spotloght brightli fight reproduct right icon isnt long youv platform icon platform,Neutral,,,
know politician want alreadi happen ban abort state stateamp eventu nation ban like gener us well fight someon know need abort reach plan amp,Negative,,,
leav tonight,Neutral,,,
thrill introduc first version new inapp browser avail famili via testflight featur provid conveni way engag favorit web dapp includ full support bookmark unlimit tab,Positive,,,
defund plan parenthood misnom true intent block million peopl reli medicaid pp health center,Neutral,,,
threaten right stand fight back,Negative,,,
break defeat one vote pp patient get care tomorrow amp peopl across countri breath sigh relief,Positive,,,
famili make easi keep track import contact one simpl place add custom favorit remov wallet address easili address book contact add access later key place choos recipi send,Neutral,,,
word,Neutral,,,
abort health care,Positive,,,
well open testflight spot share initi access code week consid give video like rt might drop,Positive,,,
huge thank everyon turn sad ramp age action amp join protest overturn us embassi last night fantast see short notic well march amp protest amp organis join,Positive,,,
abort oppon realli want lower abort rate theyd work plan parenthood boost birth control amp sex ed,Positive,,,
there line item budget goe plan parenthood simpli reimburs care render like health provid,Positive,,,
happi new year readi clean slate there nft wallet longer want simpli press hold tap trash remov itll move trash section option either burn restor conveni,Positive,,,
legal prosecut women past decad offenc person act clear legal system need reassess updat fit purpos,Positive,,,
first time nearli year plan parenthood forc titl x program mean peopl across countri alreadi struggl make end meet might abl access care need absolut devast,Positive,,,
updat week legal whiplash threat prosecut texa attorney gener ken paxton client kate cox forc flee home state texa get timesensit abort care need protect health futur fertil,Positive,,,
plan parenthood support doesnt come corpor perk discount peopl stand plan parenthood support reproduct health right,Positive,,,
counter extremist group march life,Neutral,,,
new version famili avail via testflight updat bring sever enhanc famili inapp browser includ ui tweak action bar smoother brows experi,Neutral,,,
retweet favourit proud call prochoic let us know your,Positive,,,
break women england allow take second earli abort pill home,Positive,,,
possibl select quantiti nft send use erc token famili among first wallet make featur easili access seamless amount picker appear right confirm transact,Neutral,,,
famili tini detailseveryth design engin ground provid best experi possibl,Positive,,,
statement solidar refus act stop blatant target harass met polic put stella risk send messag fair game harass women seek abort,Negative,,,
abort health care safe legal must remain access wont go back back alley amp unsaf care,Positive,,,
consent sexi consent pregnanc artwork abort embroideri,Positive,,,
want earli access famili well share invit code soon consid give like rt get code well drop,Positive,,,
women peopl,Neutral,,,
break late tonight texa suprem court temporarili halt lower court rule would allow kate cox plaintiff sever pregnanc complic abort protect health futur fertil,Positive,,,
wallet wrap arriv exclus famili soon everi month,Neutral,,,
here pictur leader negoti away birth control matern care amp abort notic anyth ht,Positive,,,
abort decrim ni huge win human right here need know histor moment,Positive,,,
connectkit avail updat fix minor bug improv develop experi full releas note,Neutral,,,
agre bodi state women doctor best posit make inform decis best one els watch full testimoni,Positive,,,
alway good job cover difficult stori season start abort storylin contact us,Positive,,,
abort health care,Positive,,,
 ,Neutral,,,
abort right solidar protest us embassi tonight look futur action,Negative,,,
break suprem court struck louisiana antiabort restrict,Negative,,,
th anniversari savita halappanavar avoid death rememb savita take stock transform ireland braveri determin incred famili campaign tragedi never repeat ireland,Negative,,,
today push new updat famili rang help improv let jump what new sort token collect multipl way includ collect recent highest valu market cap alphabet weve ad brand new trash section dedic place wallet set everyth decid youd like get rid burn restor asset trash time leav sight mind weve improv approv section wallet set revok approv directli within famili without ever leav app weve improv spam detect filter asset activ youll abl autohid spammi unusu activ default open filter tray activ tab adjust set also mark asset spam casebycas basi well remov spam label disagre enjoy,Positive,,,
seek asylum legal right seek asylum legal right seek asylum legal right seek asylum legal right seek asylum legal right seek asylum legal right seek asylum legal right seek asylum legal right,Positive,,,
anyon use invit code familyfirst earli access famili spot avail must alreadi testflight access,Neutral,,,
hey gove high women need week amp here,Neutral,,,
well fight like hell ensur peopl access carebut well need help call,Positive,,,
thank stand choic delight support undeni truth uk prochoic overwhelm major support woman right choos read full respons,Positive,,,
oh lord amend pass peer smash next stop rd read common amp pass bill tomorrow,Negative,,,
weve team great folk offer exclus famili access code member get code must activ fwb member privat discord fwb team distribut code firstcom firstserv basi enjoy fun benefit,Positive,,,
talk urgent medic care kate alreadi week pregnant peopl need beg healthcar court law molli duan senior staff attorney center reproduct right,Positive,,,
want get earli access famili see featur preview consid give tweet like rt,Positive,,,
new version famili avail via testflight updat includ varieti bug fix improv includ improv address book ux improv face id experi unlock app new last updat time nft page polish micro interact,Neutral,,,
break fifth circuit deni mississippi request rehear case challeng state week abort ban defeat ban second time court decemb,Negative,,,
 ,Neutral,,,
connectkit avail updat add eip support enhanc wallet discoveri improv function develop experi use connectkit full releas note,Positive,,,
one beg court permiss receiv medic care doctor recommend agre get sidelin get involv fight reproduct right today,Positive,,,
dive ethereum difficult weve made get first ever nft easi slide finger wallet address claim one famili portrait maximum three claim total within app here look work,Negative,,,
let die izabela name yearold woman left die doctor midwiv poland last septemb thread,Negative,,,
wild invit code appear use code familyfriend earli access famili spot avail must alreadi testflight access,Neutral,,,
past week legal limbo hellish kate health line she emerg room couldnt wait longer judg politician make healthcar decis pregnant peopl nanci northup,Negative,,,
gm,Neutral,,,
right control bodi,Neutral,,,
remind newli appoint leader hous common reesmogg complet oppos abort includ case rape incest make make money misoprostol wonder hypocrit ad ban word list,Negative,,,
beauti morn drop access code use code familiar earli access famili spot avail must alreadi testflight access,Negative,,,
client kate endur activ medic crisi state texa use health care polit footbal texass action intoler american peopl see unconscion human right violat,Positive,,,
vigil outsid irish embassi london halappanavar die year ago deni abort,Negative,,,
comment appoint theres coffey health secretari read statement chair kerri abel,Neutral,,,
one thing weve spent lot time connectkit support variou edg case exampl someon cancel walletconnect request phone scan regener new code fli case want tri help accident dismiss,Positive,,,
pleas note recent secur vulner ledger affect use connectkit unless specif use ledgerconnector app ledger oper sdk similar name ledger connect kit howev way relat famili connectkit packag,Neutral,,,
unaccept peopl fear persecut govern simpli access health care doctor say need truth one us could kate everi one us outrag,Positive,,,
thing abort birth pure propaganda use politician want play polit peopl medic decis,Positive,,,
your look detail breakdown weve share far thread worth look thank compil,Positive,,,
huge news judg zurawski v texa case rule favor plaintiff block texa abort ban appli danger pregnanc complic includ fatal fetal diagnos,Negative,,,
abort right human right abort right human right abort right human right abort right human right,Neutral,,,
impos gag rule cut fund health care provid refer patient abort effect violat medic ethic prevent women get full accur health care take care away million,Positive,,,
still hope court ultim reject state request quickli case fear justic delay justic deni molli duan senior staff attorney center reproduct right,Negative,,,
need realli quickli copi address tap name top wallet easi,Positive,,,
 ,Neutral,,,
abort must safe legal access period,Positive,,,
last week kate receiv confirm fetu lethal conditiontrisomi chanc surviv due kate medic histori obgyn warn continu carri pregnanc could jeopard health futur fertil,Negative,,,
excit sponsor judg new hackathon friend take look detail enter,Positive,,,
connectkit beauti theme anim plenti custom option fit need get quick feel tri contextu preview url,Positive,,,
unpack skew logic anti,Negative,,,
offic sent secur guard block deliveri k petit tell ryan defund plan parenthood,Negative,,,
wow wow wow pal mark nd octob calendar bill pass vote amp unless ni assembl reconven abort decriminalis northern ireland well done everyon involv made histori,Positive,,,
merg final arriv year meticul plan mark import step futur ethereum youd like learn wrote littl post histori merg mean move forward,Positive,,,
result suprem court revers roe v wade women forc beg urgent healthcar court kate case shown world abort ban danger pregnant peopl except dont work nanci northup,Negative,,,
us march today fight health amp right tomorrow amp everi day well win,Positive,,,
health educ choic futur bodi right,Neutral,,,
connectkit avail updat replac walletconnect v walletconnect v break chang develop awar pleas note walletconnect v schedul shut come week full releas note,Neutral,,,
huge sign reproduct health act law big win toward secur safe legal abort amp access contracept cant wait see state follow new york lead protect health right,Positive,,,
excit partner enabl seamless wallet connect connectkitnow live across entir foundat site celebr weve collabor oneoff open edit avail mint foundat free end h,Positive,,,
abort save live abort give peopl power decid futur proudli proabort,Positive,,,
new version famili avail updat includ numer improv peski bug fix happi friday,Neutral,,,
there noth honor undermin birth control access million lowincom women,Positive,,,
break feder judg struck mississippi week abort ban rule law prevail polit ploy control person health decis well fight tooth nail make sure ban meet fate,Negative,,,
islamophobia real white supremaci real hatr real new zealand us matter live deserv better deserv live free fear violenc,Positive,,,
ar call demonstr urg govern end human right violat northern irish women join us tuesday pm outsid facebook event,Positive,,,
coast coast countri countri women stand sexism racism homophobia xenophobia amp hatr,Negative,,,
here fun littl easter egg,Positive,,,
break case challeng mississippi week abort ban mississippi one nine state pass abort ban year ban struck today first recent ban reach feder appel court,Negative,,,
know suprem court announc futur wont today week lot outpour support right social media amp better prepar today come next round rule announc next week,Positive,,,
excit announc transit previou wallet connect function connectkit join like top platform check live,Positive,,,
thank much weve blown away support weve receiv mani peopl donat clinton penc name,Positive,,,
kate desper want abl get care live recov home surround famili kate abil leav state peopl situat like could death sentenc nanci northup presid amp ceo,Positive,,,
polli jackman nation coordin obvious,Neutral,,,
connectkit avail add seamless sign ethereum support add new avatar compon amp other add beauti new noun theme includ numer bug fix improv full releas note,Positive,,,
need get messag march even suprem court announc made current action arrang london edinburgh cardiff want make plan citi pleas contact us want organis,Positive,,,
yesterday state court rule kate favor within hour tx ag ken paxton ask tx suprem court block order amp stop kate abort paxton also issu letter threaten prosecut doctor gave kate abort despit court order,Neutral,,,
tweet asinin time becom parent nullifi one prochoic statu fact women children abort anyon els guess week work ar amp never prochoic life,Neutral,,,
critic health care like birth control cancer screen std test amp peopl alreadi face health dispar,Negative,,,
come home like abort pill allow taken,Positive,,,
kate unabl get abort texa even though fetu fatal condit continu pregnanc threaten futur fertil last week state court rule kate favor within hour tx ag paxton ask scotx block order immedi,Negative,,,
open sourc project github use connectkit thank develop commun help us reach amaz mileston here next,Positive,,,
good news still come plan parenthood,Positive,,,
abort health care,Positive,,,
despit doctor warn kate unabl get abort texa due state extrem abort ban,Negative,,,
brett kavanaugh your victim,Negative,,,
health care freedom act block patient go plan parenthood definit freedom need work,Positive,,,
court said weigh matter stay lower court rule time consid case,Negative,,,
congress amp trump admin remov rule without debat without major amp sign behind close door,Neutral,,,
break iceland new liber abort law gone effect women abl access abort request week pregnanc minor longer oblig obtain parent guardian consent,Positive,,,
alreadi know,Neutral,,,
center reproduct right dedic help peopl access abort commun includ peopl deni care face pregnanc complic youv deni care want speak lawyer option email intakeorg,Positive,,,
pov dump antichoic boyfriend,Negative,,,
want abort abl get one that that tweet,Positive,,,
love pictur wish send mad love amp solidar,Positive,,,
reproduct health care health care health care human right thank stand protect basic freedom,Positive,,,
new version famili avail via testflight updat optim interfac smaller devic introduc better support fail drop transact improv ga fee tray detail inform current ga price,Neutral,,,
abort human right,Neutral,,,
unfortun protest outsid abort clinic dont happen us read inspir young scottish women campaign end harass seek abort servic,Negative,,,
weve blown away outpour support incred brave plaintiff kate cox share stori kate show world abort health care expos truth texass medic except polici doesnt work never meant,Positive,,,
abort moral import health care,Positive,,,
happi friday here invit code wrap week use code famplifi earli access famili spot avail must alreadi testflight access,Neutral,,,
suprem court texa temporarili block order friday yet issu final rule timesensit matter,Negative,,,
famili make easi sort collect way make sens keep track recent addit top bottom view collect artwork order alphabet filter see favorit tap away,Positive,,,
tran famili see care back,Positive,,,
almost week sinc request emerg abort client kate cox due danger obstetr complic kate still hasnt receiv answer texa suprem court whether shell allow get care urgent need,Positive,,,
f u c k ur b n,Neutral,,,
mani thing wife mother profession actor mani year also women countri abort testifi hear,Neutral,,,
sexual assault someon without sexual intercours sexual assault someon know women sexual assault someon know survivor,Negative,,,
break texa requir funer fetal tissu su,Neutral,,,
break day host women empower summit cast decid vote undermin access,Neutral,,,
highli unpreced move appeal court block lower court injunct sixweek abort ban georgia mean state sixweek ban take effect today push abort reach georgian mani even know theyr pregnant,Negative,,,
abort safer get wisdom teeth remov law restrict abort care women health theyr control bodi,Positive,,,
thank amp bring attent high matern mortal rate black women countri racial dispar care led black women die pregnancyrel complic x rate white women must better,Positive,,,
say choic say prochoic join us rd septemb london,Positive,,,
abort crime right,Negative,,,
texa state court right repres texan women deni abort despit seriou pregnanc complic follow thread share live updat zurawski v state texa lawsuit file center reproduct right,Positive,,,
get health care fought,Positive,,,
break judg grant request block georgia week abort ban georgia one five state pass week abort ban year face legal challeng,Negative,,,
rule caus clinic closur around world result unintend pregnanc amp unsaf abort less,Neutral,,,
women us say birth control empow take better care famili say allow complet educ trump chang mani lowincom american lose access afford birth control,Positive,,,
repro right human right repro right human right repro right human right repro right human right repro right human right,Neutral,,,
break main legislatur governor lift hyde amend mainecar insur includ abort coverag,Neutral,,,
voter alabama sent clear messag racism lost tonight sexism lost tonight hatr divis lost tonight,Negative,,,
break us suprem court say hear case could elimin access mifepristoneon two drug use medic abort case file antiabort group seek undo fda approv drug remov market nationwid,Neutral,,,
still believ juli swetnick,Neutral,,,
birth control controversi birth control controversi birth control controversi birth control controversi birth control controversi birth control controversi join,Positive,,,
penc say show respect digniti worth everi person women,Positive,,,
medic abort complicationfre make safer tylenol asprin viagra law restrict abort guis health safeti sham,Positive,,,
dont trust women make choic couldnt said better,Negative,,,
break case challeng mississippi week abort ban fifth circuit alreadi block state week ban week ban even extrem attempt take away right mississippi resid watch,Negative,,,
okay sex okay use birth control okay abort okay restrict access reproduct health care includ safe legal abort,Positive,,,
sinc trend wed like remind everyon black women face higher risk pregnanc complic matern mortal cant support black women twitter must fight provid black women proper reproduct care,Negative,,,
black women like white women die pregnanc childbirthrel caus,Negative,,,
mayb member congress could get pregnant would let women make health care decis,Positive,,,
break today four women came forward join lawsuit state tennesse ask court clarifi scope medic necess except tennesse abort ban,Negative,,,
happi thursday youv patient wait code here chanc use invit code famul earli access famili spot avail must alreadi testflight access,Neutral,,,
attn abort georgia still legal spread word share post georgia women know still receiv care week ban doesnt take effect sue block,Negative,,,
abort safe legal us year refus go backward,Positive,,,
human endur kate famili suffer week state texa must answer abhorr treatment citizen forget,Negative,,,
gaslight v act browbeat person statement odd known fact question saniti mike penc gaslight,Negative,,,
thank scarlett johansson speak american women whove reli plan parenthood care,Positive,,,
huge news advoc florida success gotten number signatur need put constitut amend protect abort right ballot novemb record time,Positive,,,
break new rule trump admin put birth control coverag risk fight back,Negative,,,
north dakota law doctor must tell patient seek abort care abort termin life whole separ uniqu live human ideolog rhetor medic inform su protect doctor free speech,Positive,,,
farewel turn cant flatout lie american peopl plan parenthood,Neutral,,,
break rep ayanna pressley file amend remov hyde feder spend bill hyde block mani peopl mainli lowincom black brown lgbtq folk get abort care thank rep corner,Positive,,,
plan parenthood nonprofit provid health care hand repres organ heart massiv public health crisi credibl take seat,Positive,,,
abort health care abort safe abort woman decis abort human right,Positive,,,
politician like pretend abort ban medic except reason safe human week american front row seat case prove exact opposit,Positive,,,
break unpopular leadership scare vote pull bill floor,Negative,,,
break suprem court struck louisiana clinic shutdown law rule allow state three clinic remain open continu provid abort care peopl louisiana,Positive,,,
break su state georgia block blatantli unconstitut ban abort week pregnanc ban alway block court well make sure one,Negative,,,
new version famili avail via testflight updat add abil set max slippag percentag swap token introduc suggest app search browser much testflight get,Neutral,,,
work hard believ believ america dream anyth anyth togeth achiev anyth unless your woman immigr person color lgbtq,Positive,,,
break win yrlong fight high court kenya issu groundbreak rule declar constitut right kenyan women girl blatantli violat unlaw withdraw standard guidelin safe abort kenya,Positive,,,
 ,Neutral,,,
mani peopl plan parenthood sourc health care,Positive,,,
outrag add insult injuri texa claim amanda zurawski doesnt ground sue fertil compromis result deni abort doesnt worri ban might get pregnant,Negative,,,
good news addit access code avail use code famus earli access famili spot avail must alreadi testflight access,Positive,,,
break trump administr strip titl x fund plan parenthood wisconsin hawaii north carolina virginia southwest ohio put health care risk patient coordin attack block patient come plan parenthood,Negative,,,
en famili,Neutral,,,
thank share abort stori speak law like near total ban abort sign georgia today one four women abort lifetimeit time stop stigma,Positive,,,
scrape bythi time sure cant doubt movement build vote health care access energi peopl power youv built cant wont stop,Positive,,,
dont yet know final outcom know well never stop fight access care pp amp reproduct right,Positive,,,
even made custom sound effect notif type,Neutral,,,
weve detect minor bug affect way certain price chart appear token page work fix expect updat soon thank patienc,Positive,,,
thing abort birth trump posit abort extrem lie american public incit fear amp violenc women make person decis amp abort provid tri provid patient best care possibl,Positive,,,
well share mani access code soon youd like earli access consid give video like rt get code well drop,Positive,,,
unconscion state texa prevent client access health care doctor say desper need fight back,Positive,,,
break feder court spokan rule trump administr earli cut teen pregnanc prevent program grant unlaw,Positive,,,
connectkit avail updat add brand support addit wallet improv develop experi function use connectkit sign ethereum full releas note,Positive,,,
remind american dont want see roe v wade overturn,Negative,,,
gun violenc public health issu gun violenc public health issu gun violenc public health issu gun violenc public health issu gun violenc public health issu gun violenc public health issu,Negative,,,
weve updat develop doc cleaner snappier clearer follow easier ever get run connectkit,Positive,,,
break chile vote lift abort ban case lifeendanger rape amp fatal fetal impair,Negative,,,
defund plan parenthood misnom here get hurt politician attack access care,Negative,,,
one beg court permiss receiv medic care doctor recommend agre need fight get involv liter two click,Positive,,,
thank,Positive,,,
someon love abort someon love need abort everyon deserv access health care that right without judgement punish,Positive,,,
victori scotu allow lower court rule stand medicaid defund case decis protect medicaid patient reli plan parenthood birth control cancer screen std test treatment,Negative,,,
attack access health care wildli unpopular amp would creat nation health disast,Neutral,,,
remind major,Neutral,,,
break leak email show brett kavanaugh doesnt believ roe settl law safe overturn,Positive,,,
access birth control never depend incom job employ opinion,Neutral,,,
dr christin blasey ford believ thank,Positive,,,
someon love ever pregnant probabl know complic aris nowher rapidli becom deadli frighten moment count health care providersnot state bureaucratsto guid us politician belong health care,Positive,,,
break effort defund plan parenthood fail senat great news,Positive,,,
state court baton roug block trigger ban allow abort servic resum state,Negative,,,
rose red violet blue senat vote els come,Neutral,,,
women get abort lifetim dont regret decis fact arent debat,Positive,,,
abort human right start act like,Positive,,,
colombia constitut court decrimin abort week gestat colombia join green tide,Positive,,,
fact check plan parenthood health center medic underserv area,Neutral,,,
updat trigger ban block state court respons lawsuit file earlier today abort care resum louisiana,Negative,,,
america,Neutral,,,
center file emerg relief louisiana socal trigger law behalf abort provid state trigger law immedi effect upon revers crimin abort state,Positive,,,
major morn judg grant request allow plaintiff kate cox emerg relief access abort care texa protect health life futur fertil,Positive,,,
say us reproduct right human right,Neutral,,,
remind american want abort remain safe legal,Positive,,,
peopl say women medic decis women doctor politician,Neutral,,,
million peopl ralli right abort event nationwid around world proud fight continu tell antiabort politician,Positive,,,
break su texa decemb today feder district court block texass unconstitut fetal burial rule,Negative,,,
break idaho court reject state attempt throw case brought women deni abort case seek expand medic except idaho abort ban proceed despit state attempt dismiss case,Negative,,,
today mark th anniversari roe v wade here friendli remind abort safe still legal state everyth keep way,Positive,,,
break news case challeng georgia week abort ban ban clear violat nearli half centuri suprem court preced today rule law prevail abort remain legal state,Negative,,,
abort human right abort human right abort human right abort human right abort human right abort human right abort human right abort human right time lawmak start act like,Positive,,,
break despit massiv opposit trumppenc administr releas uneth gag rule make illeg titl x health care provid refer patient abort,Positive,,,
break news groundbreak histor win women reproduct right ireland vote repeal constitut ban abort,Positive,,,
donald trump put live risk everi singl day remain offic elect clear choic four disastr damag year opportun real chang leadership today endors presid unit state,Positive,,,
break head suprem court announc hear case challeng louisiana admit privileg law allow take effect would leav one doctor provid abort care whole state,Positive,,,
push misinform fake scienc abort later pregnanc show he will say anyth promot antiabort agenda pedal sinc day administr,Negative,,,
presid ceo nanci northup last night explain first time histori oppos scotu nomine tune,Neutral,,,
look pp lapel pin make appear thank show,Positive,,,
help mil peopl access health insur amp mil women get access nocopay birth control,Positive,,,
break announc us senat take anoth vote wednesday first time histori suprem court could verg take away fundament right congress must act protect abort access,Positive,,,
let call attack realli attempt shut health care provid polit reason,Neutral,,,
center reproduct right file emerg lawsuit behalf pregnant woman texa kate cox need urgent abort care due lethal fetal diagnosi threat life health fertil continu pregnanc,Negative,,,
destroy patriarchi planet,Negative,,,
women us abort age mean almost everyon us know someon abort includ lawmak tri ban outright,Negative,,,
negoti away access cancer screen birth control matern care prolif cruel,Negative,,,
list thing presid trump done help women first day offic,Positive,,,
birth control health care isnt add name protect access,Positive,,,
well never back away provid care safe support enviro mil ppl reli,Positive,,,
nobodi wear pp like emma stone stun,Positive,,,
break great news kansa suprem court rule right abort guarante state constitut histor decis reaffirm alreadi know attempt undermin abort access unconstitut,Positive,,,
allow attack health right commun sign say,Negative,,,
youv follow outrag case time get sidelin join movement reproduct right need voic fight ever get involv two click,Negative,,,
break feder court said would block trump admin titl x gag rule would ban provid program refer abortiona victori patient includ plan parenthood patient use titl x care,Negative,,,
break news oklahoma suprem court perman block law restrict access medic abort weve work case nearli year today weve,Negative,,,
repro right human right repro right human right repro right human right repro right human right repro right human right repro right human right repro right human right repro right human right,Neutral,,,
break virginia gener assembl pass reproduct health protect act expand access abort care repeal medic unnecessari restrict made difficult virginian access safe legal abort care year,Positive,,,
happi th birthday woman spent life fight equal notori suprem court justic ruth bader ginsburg,Negative,,,
break feder court prevent texass fetal burial regul take effect litig continu,Neutral,,,
abort human right ban abort inhuman unconstitut,Negative,,,
dont like abort dont get one,Negative,,,
everyon love someon abort decis one four women make lifetim,Positive,,,
american support roe v wade rt your one,Positive,,,
kansa state court block law prohibit doctor provid medic abort via telemedicin decis pave way kansa abort clinic expand servic peopl remot underserv area state,Negative,,,
antiabort restrict struck arkansa amp alabama week huge win repro right,Positive,,,
kate case proven politician judg function standin medic expert abort ban medic except work,Negative,,,
imagin woman miss period goe doctor tell she week pregnant know abort right choic law mississippi governor sign illeg get one well su,Positive,,,
moment ago alaska suprem court rule ban medicaid fund abort care unconstitut weve work case amp sinc weve,Negative,,,
us senat major leader chuck schumer announc senat vote women health protect act februari feder legisl would protect right abort,Positive,,,
happen ralli everi person right access abort outsid us suprem court follow along lawmak advoc storytel share,Positive,,,
say abortioninduc drug describ contracept straight antichoic antisci phrase book use restrict women access essenti health care wont fall shouldnt either,Positive,,,
texass extrem abort ban traumatizedand case nearli kill texa women decid couldnt stay silent theyr reclaim power plaintiff lawsuit state harm endur state draconian ban,Negative,,,
feder district court block personhood lawon would grant right fetus embryo fertil eggsfrom use crimin abort servic,Negative,,,
break hear case mifepriston one medic use medic abort care meantim great news mifepriston remain avail peopl need abort care deserv option includ access medic abort care,Positive,,,
updat week legal whiplash threat prosecut texa attorney gener ken paxton client kate cox forc flee home state texa get timesensit abort care need protect health futur fertil,Positive,,,
break late tonight texa suprem court temporarili halt lower court rule would allow kate cox plaintiff sever pregnanc complic abort protect health futur fertil,Positive,,,
talk urgent medic care kate alreadi week pregnant peopl need beg healthcar court law molli duan senior staff attorney center reproduct right,Positive,,,
break fifth circuit deni mississippi request rehear case challeng state week abort ban defeat ban second time court decemb,Negative,,,
one beg court permiss receiv medic care doctor recommend agre get sidelin get involv fight reproduct right today,Positive,,,
past week legal limbo hellish kate health line she emerg room couldnt wait longer judg politician make healthcar decis pregnant peopl nanci northup,Negative,,,
client kate endur activ medic crisi state texa use health care polit footbal texass action intoler american peopl see unconscion human right violat,Positive,,,
unaccept peopl fear persecut govern simpli access health care doctor say need truth one us could kate everi one us outrag,Positive,,,
huge news judg zurawski v texa case rule favor plaintiff block texa abort ban appli danger pregnanc complic includ fatal fetal diagnos,Negative,,,
still hope court ultim reject state request quickli case fear justic delay justic deni molli duan senior staff attorney center reproduct right,Negative,,,
last week kate receiv confirm fetu lethal conditiontrisomi chanc surviv due kate medic histori obgyn warn continu carri pregnanc could jeopard health futur fertil,Negative,,,
result suprem court revers roe v wade women forc beg urgent healthcar court kate case shown world abort ban danger pregnant peopl except dont work nanci northup,Negative,,,
break feder judg struck mississippi week abort ban rule law prevail polit ploy control person health decis well fight tooth nail make sure ban meet fate,Negative,,,
kate desper want abl get care live recov home surround famili kate abil leav state peopl situat like could death sentenc nanci northup presid amp ceo,Positive,,,
yesterday state court rule kate favor within hour tx ag ken paxton ask tx suprem court block order amp stop kate abort paxton also issu letter threaten prosecut doctor gave kate abort despit court order,Neutral,,,
break case challeng mississippi week abort ban mississippi one nine state pass abort ban year ban struck today first recent ban reach feder appel court,Negative,,,
kate unabl get abort texa even though fetu fatal condit continu pregnanc threaten futur fertil last week state court rule kate favor within hour tx ag paxton ask scotx block order immedi,Negative,,,
despit doctor warn kate unabl get abort texa due state extrem abort ban,Negative,,,
court said weigh matter stay lower court rule time consid case,Negative,,,
center reproduct right dedic help peopl access abort commun includ peopl deni care face pregnanc complic youv deni care want speak lawyer option email intakeorg,Positive,,,
break iceland new liber abort law gone effect women abl access abort request week pregnanc minor longer oblig obtain parent guardian consent,Positive,,,
want law chang women right arent depend marit statu need help donat share,Positive,,,
want abort abl get one that that tweet,Positive,,,
weve blown away outpour support incred brave plaintiff kate cox share stori kate show world abort health care expos truth texass medic except polici doesnt work never meant,Positive,,,
suprem court texa temporarili block order friday yet issu final rule timesensit matter,Negative,,,
abort human right,Neutral,,,
almost week sinc request emerg abort client kate cox due danger obstetr complic kate still hasnt receiv answer texa suprem court whether shell allow get care urgent need,Positive,,,
mani thing wife mother profession actor mani year also women countri abort testifi hear,Neutral,,,
break texa requir funer fetal tissu su,Neutral,,,
highli unpreced move appeal court block lower court injunct sixweek abort ban georgia mean state sixweek ban take effect today push abort reach georgian mani even know theyr pregnant,Negative,,,
abort safer get wisdom teeth remov law restrict abort care women health theyr control bodi,Positive,,,
abort crime right,Negative,,,
texa state court right repres texan women deni abort despit seriou pregnanc complic follow thread share live updat zurawski v state texa lawsuit file center reproduct right,Positive,,,
break judg grant request block georgia week abort ban georgia one five state pass week abort ban year face legal challeng,Negative,,,
women us say birth control empow take better care famili say allow complet educ trump chang mani lowincom american lose access afford birth control,Positive,,,
break us suprem court say hear case could elimin access mifepristoneon two drug use medic abort case file antiabort group seek undo fda approv drug remov market nationwid,Neutral,,,
break main legislatur governor lift hyde amend mainecar insur includ abort coverag,Neutral,,,
penc say show respect digniti worth everi person women,Positive,,,
break today four women came forward join lawsuit state tennesse ask court clarifi scope medic necess except tennesse abort ban,Negative,,,
break case challeng mississippi week abort ban fifth circuit alreadi block state week ban week ban even extrem attempt take away right mississippi resid watch,Negative,,,
medic abort complicationfre make safer tylenol asprin viagra law restrict abort guis health safeti sham,Positive,,,
naral chart new path forward name make clear mission reproduct freedom,Positive,,,
sinc trend wed like remind everyon black women face higher risk pregnanc complic matern mortal cant support black women twitter must fight provid black women proper reproduct care,Negative,,,
first posit thing women paul ryan done year offic,Neutral,,,
black women like white women die pregnanc childbirthrel caus,Negative,,,
today chang endors criteria reflect commit freedom vote go forward wont endors us senat doesnt support chang senat rule pass vote right legisl democraci line,Positive,,,
human endur kate famili suffer week state texa must answer abhorr treatment citizen forget,Negative,,,
wow reason object insur cover prenat care men pay watch,Positive,,,
attn abort georgia still legal spread word share post georgia women know still receiv care week ban doesnt take effect sue block,Negative,,,
pregnant women access health servic give birth month women need urgent health care protect urg parti abid oblig intern humanitarian law intern human right law,Positive,,,
huge news advoc florida success gotten number signatur need put constitut amend protect abort right ballot novemb record time,Positive,,,
ask girl age tell us mean respons inspir,Neutral,,,
north dakota law doctor must tell patient seek abort care abort termin life whole separ uniqu live human ideolog rhetor medic inform su protect doctor free speech,Positive,,,
women experi violenc lifetim rt agre must revers trend,Neutral,,,
sexual reproduct health agenc advoc right individu decid freeli respons number space time children statement restrict access abort,Negative,,,
politician like pretend abort ban medic except reason safe human week american front row seat case prove exact opposit,Positive,,,
join us congratul unfpa execut director offici sworn secretarygener,Positive,,,
women go back rt let know agre us via,Neutral,,,
hello everyon thank support abort fund nnaf site current show support abort fund donat gift split fund,Positive,,,
break rep ayanna pressley file amend remov hyde feder spend bill hyde block mani peopl mainli lowincom black brown lgbtq folk get abort care thank rep corner,Positive,,,
futur hand sexual reproduct health right human right rt peopl back hear us,Positive,,,
abort health care abort safe abort woman decis abort human right,Positive,,,
suprem court overturn roe decim right abort unit state rule scotu allow mississippi enforc harm week ban abort open door state legislatur restrict ban abort,Negative,,,
girl reli luck go school realiz dream stand girl like hayat say child marriag,Positive,,,
updat back thank everyon support share resourc network pleas find local abort fund give support today,Positive,,,
break suprem court struck louisiana clinic shutdown law rule allow state three clinic remain open continu provid abort care peopl louisiana,Positive,,,
announc appoint dr natalia kanem new unfpa execut director,Neutral,,,
everi damn bodi deserv access repro health resourc love,Positive,,,
break su state georgia block blatantli unconstitut ban abort week pregnanc ban alway block court well make sure one,Negative,,,
menstruat girl women issu human right issu rt agre,Neutral,,,
hello everyon awar site current work solut right thank everyon ralli send support abort fund right well keep updat asap,Positive,,,
outrag add insult injuri texa claim amanda zurawski doesnt ground sue fertil compromis result deni abort doesnt worri ban might get pregnant,Negative,,,
profound sad announc execut director dr babatund osotimehin pass away,Negative,,,
follow local abort fund social media sign newslett abort fund import function repro health right amp justic ecosystem find local fund today redirect main site restor,Neutral,,,
singl man accept tonight spoke sexual assault wear black tuxedo isnt enough need men speak stand besid us fight end sexual assault amp rape cultur,Negative,,,
break win yrlong fight high court kenya issu groundbreak rule declar constitut right kenyan women girl blatantli violat unlaw withdraw standard guidelin safe abort kenya,Positive,,,
girl born complet girl woman ever subject femal genit mutil fgm yet million girl women worldwid undergon fgm million risk dont speed effort learn,Negative,,,
unconscion state texa prevent client access health care doctor say desper need fight back,Positive,,,
hashtag protect women girl rt spread word join movement,Positive,,,
roughli half state outright ban significantli limit abort next year plan immedi restrict live amp go abort matter ever esp peopl alreadi crimin everyday live,Negative,,,
one beg court permiss receiv medic care doctor recommend agre need fight get involv liter two click,Positive,,,
madr moeder motina mre mamma ema ina nne mem mir manman mthair mte umama majka mutter mother matter languag speak love univers happi,Positive,,,
immedi step take read,Neutral,,,
fatmah escap femal genit mutil fgm without urgent action million girl still risk get cut see work around world,Negative,,,
thank share abort stori speak law like near total ban abort sign georgia today one four women abort lifetimeit time stop stigma,Positive,,,
find inform via clinic statu base locat keep uptod state trigger ban visit trigger ban page,Negative,,,
say dont,Neutral,,,
join us thur june pm est build power abort fund webinar well talk build power amp solidar abort fund amp show way center peopl impact abort ban regist,Negative,,,
someon love abort someon love need abort everyon deserv access health care that right without judgement punish,Positive,,,
regret decis unit state deni futur fund lifesav work,Negative,,,
word hatredhealthcar,Neutral,,,
kavanaugh refer birth control abortioninduc drug antisci lie antichoic extremist phrase show right access abort contracept would seriou danger confirm,Negative,,,
hotlin offer confidenti amp privat support miscarriag abort volunt clinician inform abort pill,Positive,,,
there polit ideolog excus support hyde amend translat discrimin poor women women color plain simpl posit endang peopl alreadi face enorm hurdl,Negative,,,
break chile vote lift abort ban case lifeendanger rape amp fatal fetal impair,Negative,,,
call taliban de facto author revers recent decis includ ban women work humanitarian organ women must allow continu lifesav work read statement,Negative,,,
reproduct coercion abus spectrum deni one right bodili autonomi deni one access abort use mental ill rational say peopl shouldnt children offens amp ableist via,Negative,,,
break senat republican effort move forward week abort ban fail senat,Negative,,,
remind major,Neutral,,,
dear hospit clean staff deserv stand ovat outbreak everi singl day year,Positive,,,
abort fund exactli know lot folk learn abort fund nnaf past week want invit learn check needtoknow detail amp share wide,Positive,,,
someon love ever pregnant probabl know complic aris nowher rapidli becom deadli frighten moment count health care providersnot state bureaucratsto guid us politician belong health care,Positive,,,
offer peerbas emot support info via phone text peopl use abort pill hotlin english spanish,Positive,,,
sexism aliv amp well us hous call young ladi doesnt know damn thing she congresswoman,Positive,,,
denounc riseup rhetor abort fund there never import time fund abort riseup divid us refus recogn critic work fund well antiblack transphobia amp antisex worker stanc,Neutral,,,
speak gender inequ amp inspir posit chang around,Neutral,,,
access birth control never depend incom job employ opinion,Neutral,,,
liter brag commit sexual assault tape,Negative,,,
perform prematur deliveri die doctor alshifa hospit tell us extrem suffer pregnant women orphan infant see sexual reproduct health agencyi respond,Negative,,,
women get abort lifetim dont regret decis fact arent debat,Positive,,,
togeth fight futur digniti respect,Positive,,,
im speak tonight,Neutral,,,
could describ one word would,Neutral,,,
state court baton roug block trigger ban allow abort servic resum state,Negative,,,
lindi west nail,Neutral,,,
surpass million dollar abort access,Neutral,,,
 ,Neutral,,,
underway thousand peopl countri worldwid come togeth advanc access sexual reproduct health right take part histor moment transform million live,Neutral,,,
bodi properti state bodi belong us bodi belong us bodi belong us,Neutral,,,
remind mike penc antichoic polici caus liter hiv epidem indiana,Neutral,,,
well keep updat know come day week,Positive,,,
abort human right start act like,Positive,,,
everyon share stori sexual assault thank braveri see believ stand,Neutral,,,
girl first period call menarch sign readi marriag sexual activ childbirth get fact,Neutral,,,
good news marsha jone charg first place pregnanc crimin,Positive,,,
colombia constitut court decrimin abort week gestat colombia join green tide,Positive,,,
year ago world made promis advanc health right women girl time acceler promis,Neutral,,,
wow wi rep scott allen think women forc procreat sake labor market women peopl incub,Positive,,,
rt agre everi woman everi part world right live digniti freedom fear via,Positive,,,
law shame women chill effect convers doctor patient amp noth support actual famili take care love one w syndrom instead exploit part larger strategi systemat make abort illeg,Positive,,,
updat current redirect act blue page well,Positive,,,
announc intent restor fund sexual reproduct health agenc us decis posit impact live women girl countri learn,Neutral,,,
histori look kindli senat whose thirst power led destroy yr senat tradit,Negative,,,
kofi annan embodi principl mentor role model inspir mani legaci live million whose live touch see execut director dr natalia kanem statement pass,Neutral,,,
thank,Positive,,,
updat trigger ban block state court respons lawsuit file earlier today abort care resum louisiana,Negative,,,
told us women didnt matter told us werent enough told us homemakersso took hous congratul badass prochoic congresswomen take capitol hill storm morn,Negative,,,
gender equal women issu issu peac secur issu,Neutral,,,
center file emerg relief louisiana socal trigger law behalf abort provid state trigger law immedi effect upon revers crimin abort state,Positive,,,
age studi learn wive rt agre must,Neutral,,,
nnaf websit still due unpreced traffic donat abort fund full list nnaf abort fund member member avail soon websit back thank,Positive,,,
give women econom freedom make decisionsw know women unrecogn uncompens labor societi,Positive,,,
major morn judg grant request allow plaintiff kate cox emerg relief access abort care texa protect health life futur fertil,Positive,,,
mother bring life world time world stand everi mother life rt believ arent worth celebr also worth save die childbirth learn,Negative,,,
take gut fund abort moment ye shoutout unapologet support abort fund gut tour year read execut director,Positive,,,
break idaho court reject state attempt throw case brought women deni abort case seek expand medic except idaho abort ban proceed despit state attempt dismiss case,Negative,,,
stan thank use platform way destigmat abort,Positive,,,
peopl say women medic decis women doctor politician,Neutral,,,
thank fundrais support messag energi last coupl day lot abort fund indi clinic practic support network,Positive,,,
salut inner girlchild she still hope strong dr natalia kanem execut director start go,Positive,,,
new rule betsi devo would requir univers allow accus sexual abus crossexamin retraumat victim absolut sicken,Negative,,,
fatmah escap femal genit mutil fgm without urgent action million girl still risk get cut togeth work,Negative,,,
messag simpl neither controversi polit women girl count matter right inher us speak hundr deleg includ,Neutral,,,
break su texa decemb today feder district court block texass unconstitut fetal burial rule,Negative,,,
intl day elimin violenc women head call solidar survivor survivor advoc,Positive,,,
romania outlaw access abort contraceptionbi estim women die result unsaf proceduresmatern mortal skyrocketedhundr thousand children turn state orphanag,Negative,,,
abort fund solidar sex worker tire politician attempt punish us control bodi amp malici law harm peopl claim protect,Negative,,,
break news case challeng georgia week abort ban ban clear violat nearli half centuri suprem court preced today rule law prevail abort remain legal state,Negative,,,
billion hope billion dream billion possibl planet home billion peopl get fact,Positive,,,
abort human right abort human right abort human right abort human right abort human right abort human right abort human right abort human right time lawmak start act like,Positive,,,
reproduct freedom mean women abl particip equal fulli countri cant adequ express frustrat assert st centuri senat,Positive,,,
break news groundbreak histor win women reproduct right ireland vote repeal constitut ban abort,Positive,,,
normal hear legitim diann feinstein gave credibl process major american clear want choos next presidentand next presid fill vacanc committe need new leadership,Positive,,,
thousand peopl take shelter alshifa hospit staff tri help pregnant women prematur babi let filmmak bisan ouda show insid hospit hear health worker dire need lifesav support,Positive,,,
break head suprem court announc hear case challeng louisiana admit privileg law allow take effect would leav one doctor provid abort care whole state,Positive,,,
today anniversari tweet stand american support,Positive,,,
everi minut woman die give birth that around women per day see help stop clock make motherhood safer,Negative,,,
break suprem court kansa rule state constitut protect right abort rule mean abort right protect across state kansaseven republican success roll back roe,Positive,,,
presid ceo nanci northup last night explain first time histori oppos scotu nomine tune,Neutral,,,
center reproduct right file emerg lawsuit behalf pregnant woman texa kate cox need urgent abort care due lethal fetal diagnosi threat life health fertil continu pregnanc,Negative,,,
take note women took bill oreilli good riddanc,Positive,,,
hi glad know want help peopl access abort care isnt need creat underground network abort fund alreadi exist join us invit friend network whole follow list,Positive,,,
break announc us senat take anoth vote wednesday first time histori suprem court could verg take away fundament right congress must act protect abort access,Positive,,,
break feder judg block mississippi unconstitut ban abort law allow go effect would crimin abort mani women amp tran nonbinari folk even know theyr pregnant,Negative,,,
women us abort age mean almost everyon us know someon abort includ lawmak tri ban outright,Negative,,,
suprem court let world know go back,Neutral,,,
amp women came bold enough come forward longer stori margin stori print elizabeth moss power speech accept,Positive,,,
join us congratul unfpa goodwil ambassador name person year along silenc breaker voic ignit movement continu inspir million women girl around world,Positive,,,
masculin motherhood coexist deep ari fitz beauti pictur challeng assumpt pregnanc look like,Positive,,,
day chanc chang cours histori replac donald trump compassion leader know reproduct freedom bodi proud endors presid,Positive,,,
youv follow outrag case time get sidelin join movement reproduct right need voic fight ever get involv two click,Negative,,,
break district attorney announc prosecut marsha jone alabama woman indict manslaught miscarri result shot,Neutral,,,
thank card receiv today thank,Positive,,,
break deadli amp harm,Negative,,,
afor new support thank much outpour support offer assist abort fund appreci youd like contact local fund offer assist pleas call email helplin,Positive,,,
list thing presid trump done help women first day offic,Positive,,,
abort freedom,Positive,,,
women health worker critic effort contain theyr work tirelessli fight frontlin let stand solidar celebr lifesav work via,Negative,,,
dont look away tri turn back clock basic human right women come seat,Neutral,,,
break great news kansa suprem court rule right abort guarante state constitut histor decis reaffirm alreadi know attempt undermin abort access unconstitut,Positive,,,
trump transfer power washington dc give back peopl peopl challeng accept,Positive,,,
updat nnaf websit back find local abort fund,Neutral,,,
im im mayor im veteran im feminist im run presid,Neutral,,,
human right cant quarantin see protect right million peopl affect pandem,Negative,,,
friday michigan abort ban block let gooooo,Negative,,,
new get know us abort fund,Neutral,,,
friendli remind everyon particip today,Neutral,,,
intern highlight activist need know,Positive,,,
break news oklahoma suprem court perman block law restrict access medic abort weve work case nearli year today weve,Negative,,,
today th anniversari share stand american support abort access,Positive,,,
abort fund support reproduct justic elimin barrier abort access across countri,Positive,,,
theyr come women theyr come doctor theyr come roe majorityand go back join us street find event near,Positive,,,
femal genit mutil fgm practic come age perform get fact,Neutral,,,
abort,Neutral,,,
uteru busi,Neutral,,,
today special day oriaku njoku shethey take new leadership role execut director nnaf couldnt excit,Positive,,,
one effect speaker histori leadership made aca equal pay amp econom stimulu realiti critic moment believ one better suit lead hous thank leader pelosi,Positive,,,
break virginia gener assembl pass reproduct health protect act expand access abort care repeal medic unnecessari restrict made difficult virginian access safe legal abort care year,Positive,,,
your want talk folk life abort dont know start weve got resourc check hearttoheart abort convers guid power compassion convers around abort,Positive,,,
join us need champion choic say unfpa execut director share festiv stage dakota johnson,Positive,,,
warn given explan nevertheless,Negative,,,
today great day learn work abort fund thing need know understand abort fund also,Positive,,,
happi th birthday woman spent life fight equal notori suprem court justic ruth bader ginsburg,Negative,,,
point whether im grate birth mother didnt abort deserv make choic exist decid entitl,Neutral,,,
break feder court prevent texass fetal burial regul take effect litig continu,Neutral,,,
health worker period tell world check fact period coronaviru pandem,Neutral,,,
everi bodi right reproduct freedom,Positive,,,
vision futur abort access includ world decis around abort safe peac afford join movement love compass support work,Positive,,,
abort human right ban abort inhuman unconstitut,Negative,,,
everyon love someon abort decis one four women make lifetim,Positive,,,
pleas take time read thread thank support desir help,Positive,,,
white supremaci threat public health must work dismantl structur oppress prevent us ever reach true reproduct freedom,Positive,,,
everi singl person right live without fear yet hundr thousand women girl humanitarian crise experienc physic andor sexual violenc must stop,Positive,,,
dont like abort dont get one,Negative,,,
weve seen lot misinform circul say abort illeg us true want make crystal clear still get abort us,Positive,,,
hard keep track statelevel abort restrict protect us here infograph articl help,Positive,,,
pregnant women right access health servic without fear harm health worker healthcar facil must target attack healthcar violat intern humanitarian law,Positive,,,
girl access everyth necessari understand care bodi attend school without stigma shame commit end stigma ensur digniti,Positive,,,
pill final freeee first time us histori overthecount birth control pill proud coalit decad tireless work advocaci,Positive,,,
human right violat everi time girl subject femal genit mutil fgm forc child marriag protect girl health right work,Positive,,,
make harder avoid unintend pregnanc make harder end unintend pregnanc make harder support becom mother must support right choos whether becom mother,Positive,,,
global epidem world observ activ genderbas violenc featur object real case abus,Neutral,,,
go back day abort illeg countri fight back everi singl day,Negative,,,
youv consid destruct abort right slipperi slope healthcar amp famili time rise believ everyon abl creat famili envis need,Negative,,,
hous invest abort fund,Neutral,,,
break evelyn hernndez salvadoran woman serv month year sentenc experienc stillbirth acquit retrial,Positive,,,
wow huge thank gener support friend work put end abort stigma abort funder songwrit could write love song right total would,Positive,,,
face man face consequ action first time life age,Neutral,,,
migrant women never deni right see feminist issu,Neutral,,,
kate case proven politician judg function standin medic expert abort ban medic except work,Negative,,,
updat utah,Neutral,,,
proud prochoic,Positive,,,
big thank donat happi side,Positive,,,
incred speech michel william power choic women vote finish epic takeaway women time vote pleas selfinterest men year,Neutral,,,
girl young women face time genderbas violenc without disabl five thing need know disabl gender discrimin,Neutral,,,
nnaf nearli member fund thrill support releas new singl week demi bold voic unabashedli support abort fund amp need us ed,Positive,,,
head instagram see photo featur x project intern,Neutral,,,
kansa state court block law prohibit doctor provid medic abort via telemedicin decis pave way kansa abort clinic expand servic peopl remot underserv area state,Negative,,,
antiabort restrict struck arkansa amp alabama week huge win repro right,Positive,,,
today abort provid appreci day abort provid make world better place dont know wed without today honor provid listen voic amp give follow,Positive,,,
even your fulli vaccin cdc still recommend interf peopl person privat reproduct healthcar decis,Positive,,,
imagin woman miss period goe doctor tell she week pregnant know abort right choic law mississippi governor sign illeg get one well su,Positive,,,
immigr justic refuge justic reproduct justic solidar attack recent polici,Negative,,,
protect protect other protect protect other follow seven simpl step prevent spread via,Positive,,,
moment ago alaska suprem court rule ban medicaid fund abort care unconstitut weve work case amp sinc weve,Negative,,,
good late break news ky,Positive,,,
american support roe v wade rt your one,Positive,,,
indigen women wors outcom find new fact sheet weve develop,Neutral,,,
speech singl children power defin life goal spite patriarchi stand say life mine,Negative,,,
menstrual hygien day may join us rt agre menstruat never taboo topic let talk,Positive,,,
texass extrem abort ban traumatizedand case nearli kill texa women decid couldnt stay silent theyr reclaim power plaintiff lawsuit state harm endur state draconian ban,Negative,,,
reproduct right human right women right human right back dr natalia kanem unfpa execut director speak th anniversari convent elimin form discrimin women,Neutral,,,
histori made northern ireland,Neutral,,,
today th anniversari landmark case roe v wade legal abort across countri roe alway floor ceil abort care legal doesnt mean access,Positive,,,
father pass away escap child marriag graduat degre civil engin anisa proof educ empow girl achiev dreamseven odd,Negative,,,
us senat major leader chuck schumer announc senat vote women health protect act februari feder legisl would protect right abort,Positive,,,
hostil intensifi echo appeal secretarygener immedi ceasefir protect right peopl,Positive,,,
happen ralli everi person right access abort outsid us suprem court follow along lawmak advoc storytel share,Positive,,,
want futur everyon make reproduct choic best futur requir show amp pitch there better place commun local abort fund find local fund today,Positive,,,
michel william give voic reproduct freedom crucial ive tri best make life make amp wouldnt abl without employ women right choos choos children amp,Positive,,,
femal genit mutil fgm never safe there medic justif harm practic rt join call end medic fgm th session human right council,Negative,,,
delight announc becom nnaf next execut director oriaku njoku shethey join nnaf nearli year experi reproduct health right justic current serv cofound amp ed,Positive,,,
democraci look like,Positive,,,
need news,Neutral,,,
stop use languag blame victim objectifi women normal sexual harass excus rape via,Negative,,,
women abort lifetim kevin williamson argu continu arguemost recent today morn joethat women execut hang antiwoman extremist still given platform spread danger hatr,Negative,,,
realiz reason might abl get pregnant happen law support amanda zurawski lead plaintiff zurawski v texa,Positive,,,
new week goal empow women girl realiz right ambit live equal foot men boy via,Neutral,,,
dont like abort dont one problem solv,Neutral,,,
eman want know religi tradit foundat femal genit mutil fgm learn today,Positive,,,
paus social media next week recognit grief mourn safeti surviv plan need navig histor violent intersect immin white supremacist violenc sedit lethal mismanag global pandem,Negative,,,
believ power girl chang world better chanc child marriag rob mani girl chanc dr natalia kanem unfpa execut director,Negative,,,
would hire intern offic seen resum im tri figur jeopardi would actual wait document what jeopardi wait document lifetim appoint,Neutral,,,
florida pass week ban abort devast consequ peopl alreadi face exist barrier access abort care need,Negative,,,
thing say absolut noth whether sexual assault multipl women women friend hire women coach girl basketbal wife daughter,Negative,,,
year nurs amp midwif year well honor celebr lifesav work togeth stand readi around join us,Positive,,,
today abort fund abort provid join togeth put forth bold set demand lay exactli need make sign today learn take action,Positive,,,
christin blasey ford never come forward amp incred brave stori yet anoth proof point brett kavanaugh unfit serv amp nomin withdrawn immedi,Positive,,,
go give give fight decid bodi fire readi go unfpa global leadership meet,Negative,,,
join us webinar may pm et build power solidar w abort fund well explor show moment amp center peopl impact abort ban compassion amp non stigmat way regist,Positive,,,
inspir empow passion engag excit that china special envoy health describ yesterday ecosoc youth forum session follow use join convo,Positive,,,
thank senat democrat vote ye today women health protect act support reproduct freedom need safeguard legal right abort matter happen suprem court,Positive,,,
test trace treat care world health organ call world defeat pandem togeth ever world need,Positive,,,
still believ juli swetnick,Neutral,,,
peopl choos share stori abort help break stigma misconcept thank share abort stori,Positive,,,
offici statement,Neutral,,,
myth trump ban taxpay abort oversea fact kill fund health center even mention abort,Negative,,,
today call strengthen action provid servic mental health young peopl rt agre us health without mental health via,Positive,,,
thank share abort stori help break stigma silenc appreci peopl use privileg platform step boldli space demand compass access us,Positive,,,
men must wake men join fight daughter mother wive assault human digniti freedom,Neutral,,,
today young peopl illinoi longer need parent involv seek abort care let celebr amp uplift win,Positive,,,
believ everyth men meet yrold zahara uganda took role unfpa execut director day she proof anyth set mind rt agre,Neutral,,,
everi teenag right safe success transit adulthood rt agre,Positive,,,
help fund abort restrict state us give via link amp donat split nnaf fund oh ga ky ms al mo la select specif fund donat,Neutral,,,
break scotu refus hear antichoic case louisiana kansa attempt defund plan parenthood rule mean medicaid patient continu access qualiti reproduct healthcar deserv,Neutral,,,
he yet,Neutral,,,
empow help world achiev sustain develop goal rt agre,Positive,,,
feel helpless frustrat news ga al week want make direct impact abort access state right support southern abort fund like,Positive,,,
child marriag violat threaten health live girl around world let commit,Negative,,,
break judg agre halt fetal heartbeat abort law,Neutral,,,
around world choru women voic rise say dr natalia kanem unfpa execut director speak plenari stage women collect voic strength,Positive,,,
realli feel today esp news georgia sixweek abort ban,Negative,,,
import dm us local abort fund social media platform legal medic question pregnancyabort big tech cant trust keep inform safe,Positive,,,
everi time woman speak experi sexual violenc she believ rape cultur flourish everi time hear survivor stori listen believ support via,Negative,,,
break news sexual reproduct health agenc welcom today appoint new deputi execut director appoint announc learn,Neutral,,,
day texa abort fund receiv unpreced number request assist remain effect legal challeng move forward continu inund,Positive,,,
everi young woman abl grow becom whatev choos rt agre,Neutral,,,
thank dr christin blasey ford thank carri unimagin weight thank testifi protect right amp live million stranger inspir hero,Positive,,,
congratul reappoint execut director second term year read via,Neutral,,,
wish women didnt rip past open amp let ogl pain believ us lindi west,Negative,,,
crowd huge major back,Positive,,,
bodili autonomi must protect human right let explain join million peopl around world say,Positive,,,
confirm gorsuch lifetim appt would make overturn step closer becom realiti dem,Neutral,,,
first day life vulner surviv see midwiv provid lifesav care mother newborn babi,Positive,,,
 ,Neutral,,,
women peopl debat,Neutral,,,
romant time coupl girl help say child marriag,Positive,,,
given today bombshel senat shld immedi paus consider stmnt,Neutral,,,
th anniversari roe v wade mean end crimin punish pregnanc outcom famili plan decis medic decis concern one bodi sign plug movement,Negative,,,
rt agre ensur die childbirth matter,Negative,,,
proud endors race repres pennsylvania us senat lieuten governor he steadfast commit reproduct freedom know hell leader fight senat,Positive,,,
peopl across us like get like barrier abort access al exist long ban pass,Neutral,,,
pleas share,Positive,,,
women abort lifetim abort,Neutral,,,
million lack access work protect human right everi woman plan,Positive,,,
stori one hundr thousand transgend nonbinari peopl know reproduct health woman issu human right,Neutral,,,
leadership vision grace pressur youv inspir gener futur leader nasti women,Positive,,,
goal set achiev want studi want play footbal natela today intern day sport develop amp peac celebr like natela inspir girl get game,Positive,,,
hous gop priorit week gun violenc puerto rico chip renew week abort ban,Negative,,,
reproduct right human right reproduct right human right reproduct right human right reproduct right human right reproduct right human right amp rt peopl back hear us,Neutral,,,
rt believ realiti everi pregnant woman,Neutral,,,
georgia week ban deem unconstitut need win yall,Positive,,,
cassidi lie face girl w leukemia would let insur increas rate preex condit,Neutral,,,
zahra survivor femal genit mutil fgm want world know time end harm practic inspir stori join global movement,Positive,,,
l let girl go school open mind learn v vow marri e ensur educ kind love want spread join us help girl say child marriag,Positive,,,
honor evergreen essay mlk legaci continu use coopt antichoic,Positive,,,
paul ryan given nation platform isnt invit tell cnn make ryan,Neutral,,,
strongli condemn strike alahli hospit reportedli kill hundr peopl attack civilian civilian infrastructur must ceas healthcar facil must never target,Negative,,,
must legisl like live depend time action pass women health protect act enshrin fundament human right abort care feder law,Positive,,,
look join us today advoc joint respons,Positive,,,
ye ireland,Neutral,,,
abort still legal,Positive,,,
senat must pass freedom vote john r lewi act consid rule chang allow passag legisl stand firm commit democraci wont endors senat doesnt support path forward,Positive,,,
talk famili abort isnt alway easi your visit love one holiday time year check guid talk abort includ graphic articl toolkit,Positive,,,
world popul billion mani peopl wrong question see becom open human infinit possibl make case right choic,Negative,,,
neera tanden withdraw loss would great leader omb year trump tirad mani senat still wont what right nomin didnt move forward proof doubl standardappli there woman color power,Positive,,,
although devast scotu decis know roe never enough abort fund alway alway make abort access join us amp fight sign onto demand,Negative,,,
unless help million girl remain unabl make decis sexual reproduct health part call world address,Positive,,,
wit show superhero fulli human woman show us new heroth hind heroism call momenti woman face patriarchi weapon voic bodi truth,Positive,,,
let fight togeth fgm latti fight violat four year inspir join movement,Negative,,,
 ,Neutral,,,
break trump admin issu rule roll back birth control coverag million women,Neutral,,,
guess alreadi,Neutral,,,
let clear phrase girl ever forc say get fact see stand girl say child marriag,Positive,,,
drunk consent period,Negative,,,
right enabl individu coupl choos whether children mani uphold right moral imper also path share prosper sustain develop,Positive,,,
birth control cost outofpocket trump new rule hit lowincom women amp women color hardest,Neutral,,,
wont stop everi woman abl exercis includ autonomi bodi unfpa execut director dr natalia kanem kick,Positive,,,
weve help peopl get abort decad here know thread,Positive,,,
wownew zealand pass legisl give domest violenc survivor day paid leav escap abus partner find safeti famili incred step forward,Positive,,,
dont catch bouquet help girl say child marriag,Negative,,,
trump amp penc clearli use margaret atwood fiction playbook rather read pleasur forbid scientist amp research use medic accur terminolog amount yet anoth backdoor tactic curtail basic right amp freedom,Positive,,,
women sri lanka experi sexual harass public transport everi woman deserv come home safe learn,Negative,,,
huge rule clinic shutdown law heart unconstitut,Positive,,,
million american alreadi vote theyv made clear want choos next presid want next presid choos next suprem court justic confirm inaugur,Positive,,,
forc remain pregnant countri incub,Neutral,,,
break cooper veto bill would ban abort week pregnanc ty governor reflect north carolinian protect reproduct freedom welcom develop fight continu,Positive,,,
everyon person belief abort there big differ person belief belief legisl peopl bodi freedom make medic decis debat countri,Positive,,,
thank jort,Positive,,,
look inspir ahead check inspir convo priya chang world better via,Positive,,,
creat emerg fund folk need abort whove affect,Neutral,,,
matter happen roe peopl wont stop abort believ everyon abl manag abort digniti autonomi learn fact medic abort,Positive,,,
tran liber reproduct justic state lawmak tri ban abort push antitran legisl coordin attack bodili autonomi well alway fight world tran folk live freeli safe amp joy,Negative,,,
year ago day dr georg tiller murder antiabort extremist dr tiller steadfast support abort fund nnaf compassion provid peopl need later abort legaci felt appreci everi day,Positive,,,
brett kavanaugh lie multipl time oath confirm hear see document gop work hard conceal usboth amp hearingsit like wors knew,Positive,,,
ban abort emerg contracept famili plan harm dv ipv survivor,Negative,,,
women sexual assault colleg campu devo rescind survivor protect slap face,Positive,,,
pay peopl abort revolutionari polit act redistribut wealth make legal right actual possibl ed via,Positive,,,
separ child doctor famili right surgeri deport anyth prolif,Neutral,,,
everyon love someon abort,Positive,,,
thank women spoken ensur nobodi say bring hous,Positive,,,
fantast thread your new work abort fund,Neutral,,,
trump everi life sacr everi child preciou gift god oh realllllli trump amp gop actual care children theyd work w us restor address amp address obscen rate matern mortal,Positive,,,
donat texa abort fund today late donat divid fund dollar dollar donat match end tonight get give,Neutral,,,
break missouri refus renew licens state abort provid attack reproduct freedom block court missouri becom first state without abort provid friday,Negative,,,
actual feel realli good abl take part normalis idea queer famili,Positive,,,
femin doesnt includ tran women girl femin femin doesnt understand antitran polici disproportion impact bipoc folk particularli black tran women girl femin,Neutral,,,
offici elect women congress right,Positive,,,